phenotype,score,roi_set,n_target,mean_target,mean_rest,diff,null_mean,null_sd,z_vs_null,p_spin
peakOcc,continuous,full,82,0.004600320416509272,0.001986165768305704,0.002614154648203568,0.002509434418598434,0.0017981799248289326,1.162779079579454,0.12958704129587043
peakOcc,continuous,hub,6,0.008167816417681007,0.002486930675809774,0.005680885741871233,0.0024717033679794225,0.005671125440147542,1.0044061112415446,0.1680831916808319
peakOcc,top100,full,82,0.06346646194826665,-0.01872032330848144,0.08218678525674808,-0.015290899410983102,0.04579105539548392,1.719928939812492,0.0660933906609339
peakOcc,top100,hub,6,-0.10668556657541949,0.0018082299419563323,-0.10849379651737581,-0.014331952487322034,0.10628034825231597,-0.8689622833079582,0.7934206579342066
